Contest ID,Writer ID
2023,0
2023,1
2023,2
2023,3
2023,4
2023,5
2023,6
2024,0
2024,1
2024,2
2024,3
2024,4
2024,5
2024,6
2030,7
2030,8
2025,9
2025,10
2025,11
2025,12
2025,13
2022,14
2022,15
2022,16
2022,17
2021,18
2021,19
2021,20
2021,21
2011,9
2011,10
2011,11
2011,12
2011,22
2020,23
2020,24
2018,25
2018,26
2018,27
2019,25
2019,26
2019,27
2014,28
2014,29
2014,30
2013,31
2013,32
2013,33
2005,34
2005,35
2009,7
2009,8
2008,36
2006,37
2006,38
2006,39
2006,40
2006,41
2006,42
2007,37
2007,38
2007,39
2007,40
2007,41
2007,42
2003,43
2001,44
2004,9
2004,10
2004,11
2004,12
2000,45
2000,46
2000,47
2000,48
2002,49
2002,50
2002,51
1998,7
1998,52
1998,53
1999,54
1999,55
1999,56
1993,57
1993,58
1997,9
1997,10
1997,11
1997,12
1991,59
1996,7
1996,53
1995,60
1995,61
1995,62
1990,63
1994,64
1994,65
1994,66
1994,67
1994,68
1994,69
1988,70
1992,71
1992,72
1992,73
1992,74
1992,75
1983,76
1983,77
1983,78
1983,79
1983,80
1983,81
1983,82
1983,83
1987,84
1989,9
1989,10
1989,85
1989,11
1989,12
1982,86
1982,87
1982,88
1982,89
1986,90
1978,91
1978,92
1978,93
1978,94
1978,2
1978,95
1978,96
1985,7
1985,53
1984,97
1984,55
1984,50
1984,98
1979,99
1980,45
1980,46
1980,47
1980,48
1981,100
1981,101
1981,43
1976,9
1976,10
1976,85
1976,11
1976,12
1977,102
1977,103
1975,104
1975,105
1975,106
1975,107
1975,108
1975,109
1975,110
1974,111
1974,112
1974,30
1974,113
1974,114
1974,115
1974,116
1974,117
1974,118
1973,119
1973,120
1958,9
1958,10
1958,85
1958,11
1958,12
1971,54
1971,55
1971,56
1970,121
1970,122
1970,123
1970,124
1970,125
1970,126
1970,127
1970,128
1970,129
1968,130
1968,131
1967,132
1967,133
1967,42
1967,134
1972,132
1972,133
1972,42
1972,134
1969,9
1969,10
1969,85
1969,11
1969,12
1965,135
1965,136
1966,135
1966,136
1957,137
1957,138
1957,139
1957,140
1957,141
1957,142
1957,143
1957,144
1957,145
1957,146
1957,147
1957,148
1956,149
1956,150
1954,9
1954,10
1954,85
1954,11
1954,12
1955,151
1955,152
1955,153
1955,154
1951,155
1951,156
1952,157
1952,158
1952,55
1952,159
1942,97
1942,7
1942,160
1942,161
1942,53
1950,54
1950,55
1950,56
1949,162
1949,163
1949,125
1949,164
1949,165
1949,166
1946,66
1946,167
1946,168
1946,6
1945,169
1945,170
1945,171
1943,172
1943,173
1943,52
1944,172
1944,173
1944,52
1948,9
1948,10
1948,85
1948,11
1948,12
1941,174
1941,175
1941,176
1941,46
1941,177
1941,178
1941,179
1941,180
1940,0
1940,1
1940,181
1940,94
1940,2
1940,182
1940,183
1940,184
1940,185
1940,5
1940,96
1939,0
1939,1
1939,181
1939,94
1939,2
1939,182
1939,183
1939,184
1939,185
1939,5
1939,96
1935,186
1935,93
1935,187
1938,20
1938,188
1938,189
1938,190
1938,191
1938,192
1938,193
1934,194
1936,195
1936,196
1936,197
1936,63
1937,195
1937,196
1937,197
1937,63
1933,198
1933,199
1933,200
1933,201
1933,202
1923,9
1923,10
1923,85
1923,11
1923,12
1926,54
1926,55
1926,56
1932,203
1932,46
1932,204
1932,61
1932,62
1932,205
1932,206
1930,207
1930,52
1929,208
1931,45
1931,46
1931,47
1931,48
1928,209
1928,92
1928,210
1928,211
1928,96
1927,203
1918,212
1918,213
1924,214
1924,215
1924,216
1925,214
1925,215
1925,216
1922,9
1922,10
1922,85
1922,11
1922,12
1921,60
1921,61
1921,62
1921,205
1921,206
1920,217
1920,53
1919,218
1916,90
1916,219
1916,66
1916,220
1916,221
1916,69
1915,54
1915,55
1915,56
1917,222
1917,223
1917,224
1909,25
1914,9
1914,10
1914,85
1914,11
1914,12
1914,13
1913,225
1913,9
1913,226
1913,10
1913,85
1913,11
1913,12
1905,227
1905,228
1912,111
1912,229
1912,230
1912,223
1912,231
1912,232
1912,233
1912,184
1912,116
1912,234
1912,235
1912,236
1912,205
1912,136
1910,9
1910,10
1910,85
1910,11
1910,12
1904,237
1904,238
1904,160
1907,203
1907,46
1907,205
1902,9
1902,10
1902,85
1902,11
1902,12
1906,239
1906,20
1906,188
1906,240
1906,193
1906,241
1903,242
1903,243
1900,244
1900,245
1896,246
1896,247
1896,218
1896,248
1896,249
1901,9
1901,10
1901,85
1901,11
1901,12
1898,250
1898,251
1899,64
1899,65
1899,252
1899,68
1899,69
1893,5
1894,5
1895,9
1895,10
1895,85
1895,11
1895,12
1891,91
1891,253
1891,168
1889,254
1889,255
1889,256
1890,254
1890,255
1890,256
1887,90
1887,257
1887,0
1887,94
1887,2
1887,211
1887,258
1888,90
1888,257
1888,0
1888,94
1888,2
1888,211
1888,258
1883,90
1884,90
1881,45
1881,46
1881,47
1881,48
1886,9
1886,10
1886,85
1886,11
1886,12
1886,13
1876,18
1876,259
1876,260
1877,18
1877,259
1877,260
1874,104
1875,104
1878,261
1878,262
1878,263
1878,264
1878,265
1878,266
1882,267
1879,9
1879,10
1879,85
1879,11
1879,12
1873,203
1873,55
1873,56
1870,268
1870,4
1867,212
1867,95
1867,67
1867,269
1868,270
1868,271
1868,272
1868,273
1868,274
1868,275
1868,276
1869,270
1869,271
1869,272
1869,273
1869,274
1869,275
1869,276
1872,209
1872,208
1872,203
1872,46
1872,5
1866,18
1866,19
1866,277
1866,278
1866,279
1866,259
1866,280
1866,281
1866,260
1861,9
1861,10
1861,85
1861,11
1861,12
1863,282
1863,283
1863,284
1863,285
1863,286
1863,287
1863,288
1864,289
1864,290
1864,291
1864,292
1864,195
1864,293
1864,196
1864,294
1864,295
1864,197
1864,296
1864,63
1862,297
1862,298
1862,299
1860,9
1860,10
1860,11
1860,12
1858,300
1858,301
1858,93
1858,302
1858,171
1858,303
1858,95
1858,304
1858,305
1858,67
1858,306
1858,185
1858,307
1858,269
1859,308
1859,187
1859,309
1859,310
1857,130
1857,36
1857,131
1857,311
1856,209
1856,312
1856,84
1854,313
1854,25
1854,314
1854,166
1855,313
1855,25
1855,314
1855,166
1849,9
1849,10
1849,11
1849,12
1851,315
1851,45
1851,46
1851,47
1851,48
1852,316
1852,317
1852,318
1852,319
1852,97
1852,7
1852,320
1852,321
1852,322
1852,217
1853,316
1853,317
1853,318
1853,319
1853,97
1853,7
1853,320
1853,321
1853,322
1853,217
1850,54
1850,55
1850,56
1848,297
1848,298
1844,323
1846,176
1846,178
1846,180
1847,324
1847,325
1845,9
1845,10
1845,11
1845,12
1842,326
1842,327
1842,328
1842,329
1842,330
1842,331
1842,332
1842,221
1842,333
1843,64
1843,65
1843,46
1843,252
1843,68
1843,69
1835,334
1835,335
1835,336
1835,337
1835,338
1835,339
1835,340
1835,341
1836,334
1836,335
1836,336
1836,337
1836,338
1836,339
1836,340
1836,341
1834,209
1834,92
1834,0
1834,342
1834,1
1834,343
1834,344
1834,94
1834,345
1834,183
1834,5
1834,211
1834,96
1841,9
1841,10
1841,346
1841,11
1841,12
1840,297
1840,347
1840,298
1840,299
1838,135
1839,258
1830,348
1830,349
1830,350
1830,351
1830,352
1830,353
1830,54
1830,354
1830,355
1830,356
1830,357
1830,358
1830,227
1830,228
1831,348
1831,349
1831,350
1831,351
1831,352
1831,353
1831,54
1831,354
1831,355
1831,356
1831,357
1831,358
1831,227
1831,228
1837,9
1837,10
1837,11
1837,12
1833,315
1833,45
1833,46
1833,47
1833,48
1827,246
1827,247
1827,248
1828,246
1828,247
1828,248
1832,9
1832,10
1832,11
1832,12
1824,104
1824,359
1824,360
1824,361
1824,107
1825,104
1825,359
1825,360
1825,361
1825,107
1829,54
1829,55
1829,56
1826,362
1817,363
1817,364
1818,363
1818,364
1823,365
1822,297
1822,347
1822,298
1822,299
1821,9
1821,10
1821,11
1821,12
1819,366
1819,208
1819,367
1819,344
1819,2
1819,368
1819,369
1819,370
1819,183
1819,211
1820,366
1820,208
1820,367
1820,344
1820,2
1820,368
1820,369
1820,370
1820,183
1820,211
1813,371
1813,372
1815,373
1815,374
1815,375
1815,200
1815,202
1816,373
1816,374
1816,375
1816,200
1816,202
1797,376
1797,133
1814,9
1814,10
1814,11
1814,12
1811,315
1811,45
1811,203
1811,46
1811,47
1811,48
1805,209
1805,208
1805,5
1812,157
1812,377
1812,378
1812,126
1812,158
1812,55
1810,379
1808,380
1808,381
1808,382
1808,383
1808,384
1808,385
1808,386
1808,387
1808,388
1808,389
1798,5
1809,9
1809,10
1809,11
1809,12
1807,54
1807,55
1807,56
1806,390
1806,391
1806,392
1806,393
1804,394
1804,395
1801,396
1801,92
1801,397
1801,366
1801,398
1801,0
1801,1
1801,2
1801,182
1801,345
1801,183
1801,184
1801,211
1801,96
1802,396
1802,399
1802,92
1802,397
1802,366
1802,398
1802,0
1802,1
1802,2
1802,182
1802,345
1802,183
1802,184
1802,211
1802,96
1794,400
1800,315
1800,45
1800,203
1800,46
1800,47
1800,48
1796,9
1796,10
1796,11
1796,12
1796,401
1799,378
1799,402
1799,403
1799,184
1799,135
1799,404
1789,105
1789,108
1789,109
1776,162
1776,125
1776,405
1776,368
1776,406
1776,407
1776,166
1776,408
1776,409
1776,410
1776,411
1795,9
1795,10
1795,11
1795,12
1795,401
1793,45
1793,412
1793,1
1793,94
1793,2
1793,183
1793,96
1788,413
1788,414
1785,136
1786,403
1786,136
1791,203
1791,54
1791,55
1791,56
1778,415
1778,416
1787,417
1787,418
1787,419
1790,315
1790,420
1790,45
1790,203
1790,46
1790,47
1790,48
1780,186
1780,93
1780,421
1792,9
1792,10
1792,11
1792,12
1792,401
1777,76
1777,422
1777,81
1777,83
1777,423
1777,424
1782,136
1775,380
1775,381
1775,382
1775,383
1775,384
1775,385
1775,386
1775,387
1775,389
1783,9
1783,10
1783,11
1783,12
1783,401
1768,209
1768,425
1768,57
1768,312
1768,426
1768,84
1768,58
1779,162
1779,251
1770,427
1770,428
1770,429
1770,430
1770,431
1770,432
1731,433
1731,434
1731,435
1731,24
1731,436
1731,437
1731,438
1763,439
1763,440
1763,441
1763,442
1763,443
1763,444
1772,9
1772,10
1772,11
1772,12
1774,290
1774,445
1774,446
1774,447
1774,448
1774,449
1774,450
1767,9
1767,10
1767,11
1767,12
1767,22
1767,401
1762,451
1762,52
1766,9
1766,10
1766,11
1766,12
1766,401
1771,396
1771,452
1765,9
1765,453
1765,454
1765,10
1765,11
1765,12
1765,455
1765,456
1765,457
1765,401
1764,254
1764,255
1764,256
1758,126
1758,458
1758,55
1758,459
1758,460
1760,54
1760,55
1760,56
1761,461
1761,462
1761,164
1761,463
1761,464
1761,465
1759,315
1759,420
1759,45
1759,203
1759,46
1759,47
1759,48
1748,350
1750,290
1750,447
1750,450
1750,227
1750,296
1747,466
1747,467
1740,468
1740,469
1740,259
1740,470
1732,90
1753,92
1753,403
1753,471
1753,1
1753,472
1753,2
1753,5
1753,211
1754,92
1754,403
1754,471
1754,1
1754,472
1754,2
1754,5
1754,211
1749,9
1749,10
1749,11
1749,12
1749,401
1743,9
1743,12
1743,13
1744,90
1744,203
1744,205
1746,473
1746,290
1746,445
1746,446
1746,474
1746,475
1746,476
1746,268
1746,477
1746,450
1746,478
1746,185
1742,54
1742,55
1742,56
1741,315
1741,420
1741,45
1741,203
1741,46
1741,47
1741,48
1736,479
1736,480
1736,52
1737,481
1737,482
1737,483
1735,484
1738,485
1738,164
1738,486
1739,9
1739,10
1739,11
1739,12
1739,401
1730,487
1730,488
1730,22
1734,373
1734,489
1734,374
1733,481
1733,450
1729,315
1729,420
1729,45
1729,203
1729,46
1729,47
1729,48
1728,9
1728,10
1728,11
1728,12
1728,401
1726,490
1726,491
1725,492
1725,469
1725,259
1725,281
1725,470
1717,208
1717,344
1722,203
1722,55
1722,56
1721,9
1721,10
1721,11
1721,12
1721,401
1715,493
1715,494
1715,495
1715,304
1715,496
1715,185
1720,497
1720,344
1720,498
1720,499
1720,500
1720,304
1720,305
1720,4
1720,306
1720,501
1720,185
1720,502
1720,307
1720,503
1718,268
1718,4
1718,185
1719,268
1719,4
1712,312
1712,84
1713,425
1713,57
1713,426
1713,58
1716,9
1716,10
1716,11
1716,12
1716,401
1714,315
1714,420
1714,203
1714,46
1714,47
1714,48
1704,290
1704,446
1704,504
1704,195
1704,293
1704,505
1704,506
1704,507
1704,508
1704,509
1704,450
1704,296
1710,510
1710,511
1711,510
1711,511
1709,9
1709,10
1709,11
1709,12
1709,401
1706,378
1706,512
1706,238
1707,255
1707,256
1708,255
1708,256
1705,513
1705,514
1705,515
1703,203
1703,54
1703,55
1703,56
1702,315
1702,420
1702,203
1702,46
1702,47
1702,48
1701,9
1701,10
1701,11
1701,12
1701,401
1699,350
1699,227
1699,228
1698,126
1698,55
1696,70
1696,516
1700,90
1700,283
1700,394
1700,517
1700,518
1700,343
1700,345
1700,395
1700,519
1700,231
1700,286
1700,520
1700,183
1700,501
1700,521
1700,522
1700,523
1695,314
1695,135
1695,524
1693,525
1693,526
1693,527
1694,525
1694,526
1694,527
1692,54
1692,55
1692,56
1697,9
1697,10
1697,11
1697,12
1697,401
1689,251
1689,266
1690,315
1690,420
1690,203
1690,528
1690,46
1690,47
1690,48
1687,254
1687,207
1687,529
1687,475
1687,506
1687,530
1687,531
1688,254
1688,207
1688,529
1688,475
1688,506
1688,530
1688,531
1691,138
1691,142
1691,532
1691,143
1691,145
1691,533
1691,534
1691,535
1685,164
1686,164
1681,9
1681,10
1681,11
1681,12
1681,401
1682,466
1682,467
1684,536
1679,366
1679,367
1679,537
1679,538
1679,539
1679,540
1679,541
1680,9
1680,10
1680,11
1680,12
1680,401
1676,542
1676,203
1676,54
1676,55
1676,56
1677,543
1677,544
1677,505
1677,477
1677,545
1677,546
1677,547
1677,548
1677,549
1678,543
1678,544
1678,505
1678,477
1678,545
1678,546
1678,547
1678,548
1678,549
1670,550
1670,551
1670,552
1675,315
1675,420
1675,203
1675,528
1675,46
1675,47
1675,48
1674,9
1674,11
1674,12
1674,13
1674,401
1673,214
1662,553
1662,162
1662,125
1662,405
1662,406
1662,407
1662,166
1662,408
1662,409
1662,554
1662,411
1672,555
1672,218
1672,556
1671,9
1671,10
1671,11
1671,12
1671,401
1669,542
1669,203
1669,54
1669,55
1669,56
1667,557
1668,557
1659,490
1659,83
1661,9
1661,10
1661,11
1661,12
1661,401
1665,398
1665,536
1663,558
1663,559
1660,315
1660,420
1660,203
1660,528
1660,46
1660,47
1660,48
1658,425
1658,560
1658,426
1658,561
1658,562
1658,563
1656,564
1656,565
1657,9
1657,10
1657,11
1657,12
1657,401
1654,25
1654,320
1647,208
1647,517
1651,9
1651,10
1651,11
1651,12
1651,401
1650,315
1650,420
1650,203
1650,528
1650,46
1650,47
1650,48
1648,283
1648,394
1648,566
1648,567
1648,568
1648,343
1648,2
1648,395
1648,519
1648,231
1648,286
1648,569
1648,520
1648,570
1648,183
1648,184
1648,571
1648,482
1648,501
1648,536
1648,521
1648,522
1648,523
1649,283
1649,394
1649,566
1649,567
1649,568
1649,343
1649,2
1649,395
1649,519
1649,231
1649,286
1649,569
1649,520
1649,570
1649,183
1649,184
1649,571
1649,482
1649,501
1649,536
1649,521
1649,522
1649,523
1646,400
1641,0
1641,495
1641,572
1641,304
1641,496
1641,184
1642,495
1642,572
1642,304
1642,496
1644,9
1644,10
1644,85
1644,11
1644,12
1644,401
1635,573
1635,574
1638,575
1637,576
1637,0
1637,344
1637,577
1634,209
1634,0
1634,578
1634,579
1634,5
1633,9
1633,10
1633,11
1633,12
1633,401
1632,312
1632,84
1630,580
1630,581
1630,582
1631,580
1631,581
1631,582
1628,54
1628,559
1629,54
1629,559
1626,9
1626,10
1626,85
1626,11
1626,12
1626,401
1627,126
1627,458
1627,55
1627,459
1627,460
1625,382
1625,384
1625,385
1625,386
1625,388
1625,389
1624,315
1624,420
1624,203
1624,528
1624,46
1624,47
1624,48
1621,222
1616,583
1616,90
1616,403
1623,584
1622,9
1622,10
1622,85
1622,11
1622,12
1622,401
1615,9
1615,585
1615,586
1619,315
1619,487
1619,420
1619,203
1619,528
1619,46
1619,47
1619,48
1620,9
1620,10
1620,85
1620,11
1620,12
1620,401
1617,202
1618,9
1618,487
1618,488
1618,12
1618,22
1591,587
1591,588
1591,589
1591,590
1591,478
1585,587
1585,588
1585,589
1585,590
1585,478
1608,591
1608,368
1608,592
1613,9
1613,10
1613,85
1613,11
1613,12
1613,401
1609,593
1609,594
1609,383
1609,500
1614,396
1614,96
1611,315
1611,420
1611,203
1611,528
1611,46
1611,47
1611,48
1610,595
1610,525
1610,596
1610,526
1610,527
1612,9
1612,10
1612,85
1612,11
1612,12
1612,401
1588,396
1588,399
1588,587
1588,577
1588,588
1588,589
1589,396
1589,399
1589,587
1589,577
1589,588
1589,589
1584,396
1584,399
1584,587
1584,577
1584,588
1584,589
1605,597
1605,598
1605,599
1605,600
1607,203
1607,601
1603,602
1604,602
1606,9
1606,10
1606,85
1606,11
1606,12
1606,401
1601,603
1601,604
1601,283
1601,394
1601,568
1601,605
1601,606
1601,2
1601,395
1601,231
1601,286
1601,520
1601,183
1601,184
1601,501
1601,522
1601,523
1602,603
1602,604
1602,607
1602,283
1602,394
1602,568
1602,605
1602,606
1602,2
1602,395
1602,231
1602,286
1602,520
1602,183
1602,184
1602,501
1602,478
1602,522
1602,523
1582,90
1582,608
1586,609
1586,610
1586,611
1586,612
1586,613
1583,609
1583,610
1583,611
1583,612
1583,613
1593,203
1593,614
1593,615
1598,9
1598,10
1598,12
1598,13
1599,616
1599,617
1599,591
1599,618
1599,619
1599,620
1599,621
1599,622
1599,623
1599,624
1599,625
1599,626
1599,627
1599,628
1600,616
1600,617
1600,591
1600,618
1600,619
1600,620
1600,621
1600,622
1600,623
1600,624
1600,625
1600,626
1600,627
1600,628
1594,629
1594,243
1571,9
1571,10
1571,11
1571,12
1592,630
1592,551
1592,631
1575,632
1575,633
1575,634
1575,635
1575,470
1575,636
1580,637
1580,638
1581,637
1581,638
1579,203
1579,601
1574,9
1574,10
1574,85
1574,11
1574,12
1574,401
1572,639
1572,640
1573,639
1573,640
1566,92
1566,536
1569,9
1569,10
1569,11
1569,12
1569,401
1567,126
1567,55
1556,583
1556,594
1556,383
1556,641
1562,384
1558,136
1561,136
1563,136
1560,9
1560,203
1560,614
1559,642
1559,105
1559,643
1559,644
1559,108
1557,645
1557,646
1557,647
1548,558
1548,317
1549,558
1555,9
1555,10
1555,11
1555,12
1555,401
1554,602
1552,407
1552,166
1551,203
1551,614
1553,380
1553,648
1553,542
1553,649
1553,650
1553,651
1530,136
1544,136
1550,9
1550,10
1550,11
1550,12
1550,401
1545,290
1545,446
1545,504
1545,652
1545,653
1545,427
1545,293
1545,505
1545,654
1545,655
1545,656
1545,509
1545,450
1545,657
1545,658
1546,290
1546,446
1546,504
1546,652
1546,653
1546,427
1546,293
1546,505
1546,654
1546,655
1546,656
1546,509
1546,450
1546,657
1546,658
1547,659
1547,203
1547,601
1547,660
1547,661
1543,214
1542,70
1542,516
1533,9
1533,10
1533,12
1533,401
1540,586
1540,662
1541,586
1541,662
1539,92
1539,394
1539,343
1539,344
1539,2
1539,286
1539,183
1539,501
1539,536
1539,521
1539,523
1537,54
1537,56
1534,663
1534,664
1534,665
1534,666
1534,667
1538,203
1538,668
1538,669
1536,609
1536,610
1536,611
1536,612
1536,613
1535,9
1535,10
1535,85
1535,11
1535,12
1535,401
1523,90
1523,594
1523,383
1523,641
1523,670
1526,555
1526,671
1526,556
1524,672
1528,595
1528,525
1528,673
1528,674
1528,526
1528,675
1528,527
1529,595
1529,525
1529,673
1529,674
1529,526
1529,675
1529,527
1527,676
1527,466
1527,677
1527,678
1527,679
1527,467
1527,680
1527,681
1527,682
1522,683
1525,9
1525,10
1525,85
1525,11
1525,12
1525,401
1521,684
1520,315
1520,203
1520,668
1520,669
1520,47
1520,685
1515,686
1515,687
1519,9
1519,10
1519,85
1519,11
1519,12
1519,401
1517,688
1517,689
1517,690
1517,691
1516,692
1514,693
1514,692
1508,377
1508,155
1509,377
1509,155
1511,9
1511,10
1511,85
1511,11
1511,12
1511,401
1513,694
1513,695
1513,696
1513,697
1512,203
1512,668
1512,669
1512,685
1503,585
1504,585
1505,698
1505,699
1498,700
1498,533
1498,701
1498,702
1506,203
1506,668
1506,669
1506,685
1483,399
1483,282
1483,703
1483,284
1483,403
1483,285
1484,399
1484,282
1484,703
1484,284
1484,403
1484,285
1482,399
1482,282
1482,703
1482,284
1482,403
1482,285
1499,9
1499,10
1499,85
1499,11
1499,12
1499,401
1497,92
1497,536
1500,396
1500,484
1500,399
1500,397
1500,283
1500,394
1500,568
1500,606
1500,343
1500,395
1500,704
1500,705
1500,500
1500,231
1500,286
1500,183
1500,184
1500,706
1500,501
1500,522
1500,523
1500,707
1501,396
1501,484
1501,399
1501,397
1501,283
1501,394
1501,568
1501,606
1501,343
1501,395
1501,704
1501,705
1501,500
1501,231
1501,286
1501,183
1501,184
1501,706
1501,501
1501,522
1501,523
1501,707
1495,708
1495,255
1495,709
1495,256
1496,708
1496,255
1496,709
1496,256
1488,9
1488,10
1488,11
1488,12
1488,401
1493,90
1493,608
1494,9
1494,10
1494,85
1494,11
1494,12
1494,401
1491,710
1491,711
1491,655
1491,555
1491,556
1491,712
1491,713
1492,397
1492,714
1492,568
1492,715
1492,716
1492,717
1492,286
1492,183
1492,501
1492,718
1492,522
1492,523
1492,707
1486,362
1490,203
1490,668
1490,669
1490,685
1487,9
1487,10
1487,85
1487,11
1487,12
1487,401
1485,313
1485,719
1485,720
1485,25
1485,721
1479,486
1480,486
1481,722
1481,723
1481,724
1476,9
1476,10
1476,85
1476,11
1476,12
1476,401
1477,427
1477,428
1477,432
1478,427
1478,428
1478,432
1475,203
1475,668
1475,669
1474,222
1473,9
1473,10
1473,85
1473,11
1473,12
1473,401
1467,725
1467,726
1470,727
1470,728
1470,729
1470,222
1470,493
1470,730
1470,731
1470,494
1470,0
1470,231
1470,732
1470,304
1470,305
1470,733
1470,571
1470,501
1470,185
1470,734
1470,735
1471,727
1471,728
1471,729
1471,222
1471,493
1471,730
1471,731
1471,494
1471,0
1471,231
1471,732
1471,304
1471,305
1471,733
1471,571
1471,501
1471,185
1471,734
1471,735
1472,203
1472,668
1472,669
1466,334
1466,337
1466,736
1469,9
1469,10
1469,85
1469,11
1469,12
1469,401
1468,9
1468,453
1468,454
1468,403
1468,203
1468,229
1468,11
1468,737
1468,456
1468,457
1468,205
1464,738
1464,739
1465,738
1465,739
1411,738
1411,739
1458,282
1458,283
1458,285
1459,282
1459,283
1459,285
1463,9
1463,10
1463,85
1463,11
1463,12
1463,401
1462,203
1462,668
1462,669
1461,594
1461,383
1461,641
1461,670
1450,740
1450,585
1450,741
1453,742
1455,9
1455,10
1455,85
1455,11
1455,12
1455,401
1456,703
1456,743
1456,403
1456,285
1456,164
1456,744
1456,745
1457,703
1457,743
1457,403
1457,285
1457,164
1457,744
1457,745
1415,703
1415,743
1415,403
1415,285
1415,164
1415,744
1415,745
1454,203
1454,401
1451,597
1451,746
1451,747
1451,748
1451,749
1451,600
1452,9
1452,10
1452,85
1452,11
1452,12
1452,401
1439,595
1439,750
1439,751
1440,595
1440,750
1440,751
1446,752
1446,740
1446,753
1446,754
1446,755
1446,339
1446,756
1446,757
1446,758
1446,759
1446,760
1446,761
1447,752
1447,740
1447,753
1447,754
1447,755
1447,339
1447,756
1447,757
1447,758
1447,759
1447,760
1447,761
1438,607
1438,762
1431,9
1431,10
1431,11
1431,12
1431,401
1442,763
1442,583
1442,764
1442,203
1442,229
1442,668
1442,669
1442,765
1442,116
1443,763
1443,583
1443,764
1443,203
1443,229
1443,668
1443,669
1443,765
1443,116
1444,583
1444,397
1444,283
1444,394
1444,568
1444,605
1444,606
1444,85
1444,717
1444,395
1444,500
1444,231
1444,286
1444,732
1444,183
1444,706
1444,501
1444,522
1444,523
1444,707
1445,583
1445,397
1445,283
1445,394
1445,568
1445,605
1445,606
1445,85
1445,717
1445,395
1445,500
1445,231
1445,286
1445,732
1445,183
1445,706
1445,501
1445,522
1445,523
1445,707
1437,9
1437,10
1437,85
1437,11
1437,12
1437,401
1434,282
1434,283
1434,284
1434,285
1435,282
1435,283
1435,284
1435,285
1413,282
1413,283
1413,284
1413,285
1436,594
1436,383
1436,385
1436,766
1436,767
1433,203
1433,401
1421,768
1421,769
1421,770
1428,744
1428,771
1428,555
1428,556
1428,772
1430,9
1430,11
1430,13
1427,166
1423,773
1423,774
1423,775
1423,776
1423,777
1423,778
1423,619
1423,779
1423,780
1423,781
1423,782
1423,625
1423,626
1423,783
1424,773
1424,774
1424,775
1424,776
1424,777
1424,778
1424,619
1424,779
1424,780
1424,781
1424,782
1424,625
1424,626
1424,783
1422,594
1422,383
1422,385
1422,766
1422,767
1408,583
1408,184
1426,9
1426,13
1426,401
1416,784
1416,650
1416,785
1417,784
1417,650
1417,785
1425,786
1425,787
1425,788
1425,789
1425,790
1425,791
1425,633
1420,384
1419,92
1419,792
1419,536
1418,9
1418,10
1418,85
1418,11
1418,12
1418,401
1406,70
1406,516
1407,705
1407,793
1404,377
1404,743
1404,155
1404,585
1404,164
1404,794
1405,377
1405,743
1405,155
1405,585
1405,164
1405,794
1409,203
1409,401
1396,795
1396,743
1396,156
1396,796
1397,795
1397,743
1397,156
1397,796
1403,797
1403,798
1403,799
1403,800
1403,801
1402,799
1402,800
1402,801
1400,9
1400,10
1400,85
1400,11
1400,12
1400,401
1401,481
1392,471
1392,609
1392,610
1392,611
1392,612
1392,802
1398,9
1398,10
1398,85
1398,11
1398,12
1398,401
1394,803
1394,804
1394,805
1394,806
1394,807
1395,803
1395,804
1395,805
1395,806
1395,807
1391,762
1393,90
1393,608
1399,203
1399,401
1388,808
1388,684
1388,809
1389,9
1389,10
1389,85
1389,11
1389,12
1389,401
1383,740
1383,810
1383,811
1383,812
1383,651
1384,740
1384,810
1384,811
1384,812
1384,651
1387,813
1387,814
1387,815
1387,816
1387,817
1387,818
1387,819
1387,820
1386,813
1386,814
1386,815
1386,816
1386,817
1386,818
1386,819
1386,820
1381,585
1382,585
1379,583
1379,397
1379,566
1379,568
1379,286
1379,183
1379,184
1379,501
1379,522
1379,523
1385,203
1385,401
1380,9
1380,10
1380,85
1380,11
1380,12
1380,401
1372,609
1372,610
1372,611
1372,612
1375,377
1375,155
1375,655
1375,363
1375,164
1375,821
1375,822
1375,794
1371,823
1374,203
1374,401
1373,9
1373,10
1373,85
1373,11
1373,12
1373,401
1369,824
1369,596
1369,825
1369,826
1370,597
1370,746
1370,749
1370,827
1370,600
1357,698
1357,828
1368,283
1367,203
1367,668
1367,669
1364,692
1356,698
1356,828
1366,9
1366,10
1366,85
1366,11
1366,12
1366,401
1365,597
1365,746
1365,829
1365,749
1361,334
1361,830
1361,831
1361,337
1362,334
1362,830
1362,831
1362,337
1363,597
1363,746
1363,472
1346,9
1346,203
1346,10
1346,85
1346,11
1346,12
1346,401
1359,9
1359,10
1359,85
1359,11
1359,12
1359,401
1358,209
1358,578
1358,5
1360,203
1360,668
1360,669
1354,9
1354,10
1354,85
1354,11
1354,12
1354,401
1355,366
1355,537
1355,832
1355,833
1355,540
1353,203
1353,401
1349,834
1349,835
1349,688
1349,836
1350,834
1350,835
1350,688
1350,836
1352,203
1344,585
1345,585
1348,686
1342,9
1342,10
1342,85
1342,11
1342,12
1342,401
1340,399
1340,566
1340,704
1341,399
1341,566
1341,704
1343,203
1343,401
1336,837
1336,838
1336,839
1337,837
1337,838
1337,839
1335,203
1335,401
1338,840
1338,841
1339,840
1339,841
1334,9
1334,10
1334,85
1334,11
1334,12
1334,401
1333,842
1329,843
1329,844
1330,843
1330,844
1331,698
1331,699
1332,432
1328,203
1328,401
1327,9
1327,10
1327,85
1327,11
1327,12
1327,401
1326,583
1326,184
1325,692
1324,401
1312,9
1312,10
1312,85
1312,11
1312,12
1312,401
1322,397
1322,283
1322,394
1322,568
1322,845
1322,717
1322,395
1322,500
1322,231
1322,286
1322,846
1322,183
1322,501
1322,847
1322,362
1322,522
1322,523
1322,707
1323,397
1323,283
1323,394
1323,568
1323,845
1323,717
1323,395
1323,500
1323,231
1323,286
1323,846
1323,183
1323,501
1323,847
1323,362
1323,522
1323,523
1323,707
1316,848
1316,849
1316,850
1316,851
1305,852
1305,377
1305,155
1305,164
1305,249
1305,802
1320,9
1320,283
1320,203
1320,85
1320,363
1320,523
1320,401
1321,9
1321,283
1321,203
1321,85
1321,363
1321,523
1321,401
1297,686
1297,203
1297,11
1297,164
1297,687
1311,203
1311,401
1314,583
1314,764
1314,203
1314,229
1314,765
1314,116
1314,853
1315,583
1315,764
1315,203
1315,229
1315,765
1315,116
1315,853
1310,583
1310,764
1310,203
1310,229
1310,765
1310,116
1310,853
1313,397
1313,283
1313,568
1313,716
1313,286
1313,183
1313,184
1313,501
1313,523
1307,686
1307,687
1304,742
1301,722
1303,9
1303,10
1303,85
1303,11
1303,12
1303,401
1299,164
1299,854
1299,855
1300,164
1300,854
1300,855
1296,203
1296,401
1302,856
1302,284
1302,857
1302,858
1302,288
1290,859
1290,377
1290,155
1290,860
1290,794
1291,859
1291,377
1291,155
1291,860
1291,794
1295,9
1295,10
1295,85
1295,11
1295,12
1295,401
1294,203
1294,401
1292,852
1292,482
1292,249
1293,852
1293,482
1293,249
1288,9
1288,10
1288,85
1288,11
1288,12
1288,401
1285,203
1285,861
1285,862
1285,692
1286,604
1286,727
1286,863
1286,864
1286,865
1286,714
1286,731
1286,866
1286,229
1286,230
1286,867
1286,868
1286,500
1286,569
1286,869
1286,870
1286,706
1286,871
1286,501
1286,872
1286,873
1286,48
1287,604
1287,727
1287,863
1287,864
1287,865
1287,714
1287,731
1287,866
1287,229
1287,230
1287,867
1287,868
1287,500
1287,569
1287,869
1287,870
1287,706
1287,871
1287,501
1287,872
1287,873
1287,48
1284,874
1284,875
1284,876
1270,380
1270,164
1283,203
1283,401
1279,9
1279,10
1279,85
1279,11
1279,12
1279,401
1282,877
1282,203
1282,668
1282,669
1282,661
1268,583
1269,583
1278,9
1278,203
1278,10
1278,85
1278,11
1278,12
1278,401
1266,554
1271,9
1271,11
1271,13
1271,401
1280,878
1280,191
1280,879
1280,880
1281,878
1281,191
1281,879
1281,880
1276,283
1276,203
1276,523
1277,283
1277,203
1277,523
1259,283
1259,203
1259,523
1272,203
1272,881
1272,401
1264,882
1264,883
1264,884
1265,882
1265,883
1265,884
1267,111
1267,203
1267,229
1267,125
1267,230
1267,765
1267,885
1267,114
1267,232
1267,116
1267,235
1267,205
1267,886
1267,136
1263,877
1263,203
1263,668
1263,669
1263,661
1260,9
1260,10
1260,379
1260,85
1260,11
1260,12
1260,401
1261,9
1261,203
1261,379
1261,11
1261,887
1262,9
1262,203
1262,379
1262,11
1262,887
1227,9
1227,203
1227,379
1227,11
1227,887
1254,888
1254,156
1254,889
1254,890
1255,888
1255,156
1255,889
1255,890
1253,794
1257,9
1257,10
1257,85
1257,11
1257,12
1257,401
1242,840
1242,819
1243,840
1243,819
1256,203
1256,401
1245,891
1252,892
1252,240
1252,190
1252,893
1252,193
1252,894
1252,895
1252,896
1246,283
1247,283
1225,283
1251,9
1251,10
1251,85
1251,11
1251,12
1251,401
1249,203
1249,401
1239,397
1239,283
1239,897
1239,394
1239,716
1239,395
1239,500
1239,231
1239,286
1239,183
1239,184
1239,501
1239,898
1239,522
1239,523
1239,899
1239,707
1248,397
1248,283
1248,897
1248,394
1248,716
1248,395
1248,500
1248,231
1248,286
1248,183
1248,184
1248,501
1248,898
1248,522
1248,523
1248,899
1248,707
1236,446
1237,136
1244,9
1244,13
1244,401
1238,9
1238,10
1238,85
1238,11
1238,12
1238,401
1240,9
1240,203
1240,10
1240,85
1240,11
1240,900
1240,12
1241,9
1241,203
1241,10
1241,85
1241,11
1241,900
1241,12
1223,9
1223,203
1223,10
1223,85
1223,11
1223,900
1223,12
1234,203
1234,401
1228,840
1229,901
1230,901
1231,203
1231,901
1210,901
1216,9
1216,13
1216,401
1221,9
1221,10
1221,85
1221,11
1221,12
1221,401
1220,902
1220,903
1220,904
1220,905
1220,363
1220,906
1220,907
1220,707
1218,908
1218,616
1218,617
1218,909
1218,626
1218,910
1218,911
1219,908
1219,616
1219,617
1219,909
1219,626
1219,910
1219,911
1215,9
1215,13
1209,542
1209,686
1209,203
1209,231
1209,687
1211,583
1211,203
1211,660
1217,9
1217,10
1217,85
1217,11
1217,12
1217,401
1214,912
1214,394
1214,913
1214,395
1214,231
1214,286
1214,183
1214,184
1214,914
1214,915
1214,501
1214,522
1214,523
1213,203
1213,401
1208,916
1208,403
1208,917
1208,918
1208,919
1208,920
1207,9
1207,10
1207,85
1207,11
1207,12
1207,401
1204,855
1205,164
1206,164
1203,203
1203,401
1200,742
1200,876
1202,9
1202,10
1202,85
1202,11
1202,12
1202,401
1201,921
1198,922
1198,923
1198,169
1198,924
1198,925
1198,368
1198,832
1198,926
1199,922
1199,923
1199,169
1199,403
1199,924
1199,925
1199,368
1199,832
1199,926
1193,927
1193,928
1193,554
1193,929
1193,930
1192,927
1192,928
1192,554
1192,929
1192,930
1196,203
1196,401
1197,9
1197,10
1197,85
1197,11
1197,12
1197,401
1178,554
1195,764
1195,500
1195,732
1195,931
1195,501
1195,932
1195,933
1194,9
1194,203
1194,10
1194,85
1194,11
1194,12
1194,401
1190,934
1190,935
1190,936
1190,937
1190,938
1190,939
1190,940
1190,941
1190,548
1190,549
1191,934
1191,935
1191,936
1191,937
1191,938
1191,939
1191,940
1191,941
1191,548
1191,549
1184,942
1184,943
1184,944
1184,945
1184,946
1184,782
1188,380
1188,164
1189,380
1189,164
1187,9
1187,203
1187,10
1187,85
1187,11
1187,12
1187,401
1186,947
1186,948
1186,164
1186,900
1186,949
1186,950
1183,9
1183,203
1183,401
1179,951
1179,952
1179,953
1179,346
1179,954
1179,955
1180,951
1180,952
1180,953
1180,346
1180,954
1180,955
1185,203
1185,956
1185,660
1181,283
1181,957
1181,958
1181,500
1181,286
1181,915
1181,522
1181,523
1182,840
1182,900
1176,9
1176,203
1176,401
1172,293
1172,959
1172,960
1172,838
1172,961
1172,962
1172,963
1173,293
1173,959
1173,960
1173,838
1173,961
1173,962
1173,963
1175,9
1175,10
1175,85
1175,11
1175,12
1175,401
1174,692
1148,964
1148,714
1148,403
1170,203
1170,11
1170,205
1170,401
1168,583
1169,583
1166,377
1166,965
1167,9
1167,203
1167,10
1167,85
1167,11
1167,12
1167,401
1165,9
1165,203
1165,401
1158,184
1159,184
1163,966
1163,967
1163,155
1163,968
1161,969
1161,970
1162,969
1162,970
1147,969
1147,970
1156,9
1156,10
1156,85
1156,11
1156,12
1156,401
1160,971
1149,972
1150,972
1157,9
1157,203
1157,10
1157,12
1157,401
1152,852
1152,156
1152,231
1152,973
1152,770
1152,249
1155,9
1155,10
1155,85
1155,11
1155,12
1155,401
1146,969
1151,583
1151,947
1154,203
1154,974
1154,401
1153,108
1153,975
1119,583
1119,399
1119,403
1119,379
1119,970
1119,819
1145,698
1145,699
1144,203
1144,401
1142,183
1142,976
1142,977
1142,978
1143,203
1143,183
1143,976
1143,977
1143,978
1140,9
1140,10
1140,85
1140,11
1140,12
1140,401
1139,597
1139,747
1139,829
1141,203
1136,951
1136,587
1136,979
1136,980
1136,981
1137,897
1137,394
1137,403
1137,203
1137,982
1137,717
1137,395
1137,957
1137,983
1137,231
1137,286
1137,183
1137,184
1137,847
1137,976
1137,522
1137,707
1138,897
1138,394
1138,403
1138,203
1138,982
1138,717
1138,395
1138,957
1138,983
1138,231
1138,286
1138,183
1138,184
1138,847
1138,976
1138,522
1138,707
1133,9
1133,203
1133,401
1132,9
1132,85
1132,11
1132,12
1132,401
1120,984
1120,283
1120,284
1120,403
1120,985
1120,288
1121,984
1121,587
1121,284
1121,403
1121,203
1121,900
1121,985
1112,984
1112,587
1112,283
1112,284
1112,403
1112,985
1112,288
1116,698
1129,986
1129,987
1130,203
1130,986
1130,987
1131,203
1131,716
1131,845
1131,867
1131,231
1131,286
1131,183
1131,522
1131,523
1115,698
1118,203
1118,12
1118,401
1117,9
1117,988
1117,85
1117,11
1117,12
1117,401
1109,989
1109,990
1109,991
1113,989
1113,990
1113,991
1114,852
1114,973
1114,249
1110,992
1110,403
1110,754
1110,500
1110,231
1110,183
1110,993
1110,522
1111,994
1111,995
1111,848
1111,996
1111,997
1111,998
1111,999
1111,851
1111,1000
1111,1001
1111,1002
1106,410
1107,9
1107,85
1107,11
1107,12
1107,401
1108,203
1108,401
1103,583
1103,1003
1103,184
1103,735
1104,583
1104,1003
1104,184
1104,735
1105,724
1100,1004
1101,9
1101,85
1101,11
1101,12
1101,401
1102,9
1102,203
1102,401
1098,951
1098,583
1098,714
1098,1005
1098,1006
1098,346
1098,905
1098,958
1098,569
1098,870
1098,1007
1098,706
1098,1008
1098,1009
1098,735
1099,951
1099,583
1099,714
1099,1005
1099,1006
1099,346
1099,905
1099,958
1099,569
1099,870
1099,1007
1099,706
1099,1008
1099,1009
1099,735
1097,901
1091,554
1096,9
1096,85
1096,1010
1096,11
1096,12
1096,401
1095,9
1095,203
1095,401
1086,9
1086,283
1086,10
1086,85
1086,11
1086,12
1086,184
1087,9
1087,283
1087,203
1087,10
1087,85
1087,11
1087,12
1087,184
1085,9
1085,283
1085,203
1085,10
1085,85
1085,11
1085,12
1085,184
1092,203
1092,401
1081,1011
1081,1012
1081,938
1081,1013
1081,1014
1093,9
1093,85
1093,11
1093,12
1093,401
1083,964
1083,346
1083,569
1083,1015
1084,964
1084,346
1084,569
1084,1015
1088,692
1082,9
1082,203
1082,85
1082,11
1082,12
1082,401
1056,403
1056,203
1056,10
1056,231
1080,900
1080,949
1080,950
1061,597
1061,747
1078,284
1078,403
1078,85
1078,1016
1078,732
1078,1017
1078,1018
1078,985
1078,1019
1079,284
1079,403
1079,85
1079,1016
1079,732
1079,1017
1079,1018
1079,985
1079,1019
1032,284
1032,403
1032,85
1032,1016
1032,732
1032,1017
1032,1018
1032,985
1032,1019
1077,203
1077,401
1062,1020
1062,1021
1076,9
1076,85
1076,11
1076,12
1076,401
1055,1022
1055,1023
1044,969
1044,715
1044,754
1044,900
1044,554
1044,950
1074,969
1074,715
1074,754
1074,900
1074,554
1074,950
1075,969
1075,715
1075,754
1075,900
1075,554
1075,950
1043,334
1043,830
1043,184
1073,9
1073,85
1073,11
1073,12
1073,401
1067,368
1067,310
1068,368
1068,310
1071,984
1071,587
1071,284
1071,857
1071,1019
1072,984
1072,587
1072,284
1072,857
1072,1019
1031,984
1031,587
1031,284
1031,857
1031,1019
1054,231
1054,184
1063,1024
1063,922
1063,397
1063,283
1063,897
1063,1025
1063,394
1063,992
1063,716
1063,845
1063,717
1063,395
1063,957
1063,231
1063,286
1063,183
1063,501
1063,847
1063,976
1063,522
1064,1024
1064,922
1064,397
1064,283
1064,897
1064,1025
1064,394
1064,992
1064,716
1064,845
1064,717
1064,395
1064,957
1064,231
1064,286
1064,183
1064,501
1064,847
1064,976
1064,522
1066,401
1057,203
1065,9
1065,85
1065,11
1065,12
1065,401
1033,554
1059,1026
1060,1027
1060,283
1060,394
1053,334
1053,9
1053,85
1053,11
1058,9
1058,85
1058,11
1030,9
1030,85
1030,11
1045,1028
1045,617
1045,1029
1045,1030
1045,621
1045,1031
1045,1032
1045,1033
1045,626
1045,911
1045,1034
1046,1028
1046,617
1046,1029
1046,1030
1046,621
1046,1031
1046,1032
1046,1033
1046,626
1046,911
1046,1034
1034,1035
1034,1036
1034,1037
1047,1035
1047,1036
1047,1037
1051,9
1051,85
1051,12
1042,10
1042,85
1042,12
1042,13
1042,401
1041,9
1041,85
1041,11
1041,13
1036,9
1036,10
1036,85
1036,12
1036,401
1038,597
1038,1038
1039,283
1039,394
1039,913
1039,982
1039,717
1039,395
1039,957
1039,983
1039,231
1039,286
1039,114
1039,1039
1039,914
1039,522
1039,707
1040,283
1040,394
1040,913
1040,982
1040,717
1040,395
1040,957
1040,983
1040,231
1040,286
1040,114
1040,1039
1040,914
1040,522
1040,707
1037,583
1037,1040
1037,916
1037,1041
1037,1042
1037,1043
1037,1044
1037,1045
1037,920
1037,1046
1028,1047
1028,542
1028,857
1028,1048
1028,914
1028,1049
1028,1050
1028,287
1028,288
1029,203
1029,12
1029,401
1025,542
1025,992
1025,969
1025,737
1027,9
1027,203
1027,11
1027,12
1027,401
1023,283
1023,542
1023,969
1023,203
1023,12
1023,401
951,283
951,542
951,992
951,969
951,737
1019,1051
1019,1052
1019,982
1019,957
1019,1053
1019,732
1019,116
1019,1054
1020,1051
1020,1052
1020,982
1020,957
1020,1053
1020,231
1020,732
1020,116
1020,1054
1017,403
1017,1055
1017,900
1016,9
1016,85
1016,11
1016,12
1016,401
1015,203
1015,401
1012,583
1012,897
1012,394
1012,229
1012,230
1012,231
1012,1017
1012,1018
1012,184
1012,235
1012,205
1012,976
1012,136
1012,1056
1013,583
1013,897
1013,394
1013,229
1013,230
1013,231
1013,1017
1013,1018
1013,184
1013,235
1013,205
1013,976
1013,136
1013,1056
1010,1057
1011,1057
1014,971
1006,203
1006,401
1009,9
1009,10
1009,1058
1009,12
1009,401
1007,476
1007,1059
1008,476
1008,1059
1005,203
1002,698
1004,900
1003,203
1003,401
997,583
997,203
997,231
997,522
998,583
998,203
998,231
998,522
1001,698
1000,9
1000,85
1000,11
1000,12
1000,401
995,1060
995,1061
996,1060
996,1061
991,737
999,203
999,12
999,401
992,951
992,954
993,1062
993,1063
994,1062
994,1063
989,970
990,9
990,203
990,85
990,11
990,12
988,203
988,401
986,368
987,403
987,368
987,13
981,583
985,11
985,12
985,401
982,1064
982,1065
983,1063
983,403
983,1066
984,1063
984,403
984,1066
979,966
979,155
979,968
979,970
978,203
978,13
980,1067
977,203
977,401
975,1068
976,85
976,11
976,12
976,401
966,283
966,403
966,395
967,283
967,403
967,395
925,283
925,403
925,395
965,1063
965,403
965,1066
963,523
964,523
958,942
958,944
958,1069
958,945
958,946
958,1070
958,1071
962,203
962,13
960,694
960,1072
960,1073
960,1074
960,1075
960,1076
960,1077
960,1078
961,85
961,11
961,401
959,692
952,698
956,935
956,403
956,970
956,13
956,939
957,935
957,403
957,970
957,13
957,939
924,935
924,403
924,970
924,13
924,939
955,992
954,9
954,394
954,1079
954,12
954,401
926,403
926,203
926,13
953,403
953,203
953,13
947,403
947,554
948,403
948,554
923,403
923,554
949,283
949,897
949,394
949,845
949,395
949,231
949,286
949,13
949,914
949,501
949,522
950,283
950,897
950,394
950,845
950,395
950,231
950,286
950,13
950,914
950,501
950,522
946,9
946,12
946,401
930,282
930,283
930,403
930,203
930,13
930,1019
930,1080
931,282
931,283
931,403
931,203
931,13
931,1019
931,1080
944,282
944,283
944,403
944,203
944,13
944,1019
944,1080
936,992
936,230
936,765
936,500
936,1081
936,1082
936,235
936,205
936,136
936,522
937,992
937,230
937,765
937,500
937,1081
937,1082
937,235
937,205
937,136
937,522
940,716
940,231
940,286
940,1083
940,522
935,1084
935,1085
935,1086
935,1087
939,403
939,1088
939,1026
939,1089
939,737
939,1017
939,1090
939,1091
938,9
938,1079
938,12
932,1040
932,916
932,1043
932,1045
932,920
932,1046
933,1092
933,938
933,939
933,1093
934,1092
934,938
934,939
934,1093
922,992
920,9
920,11
920,12
920,1094
920,401
921,856
921,1047
921,857
921,476
921,1095
919,410
919,1096
917,1097
917,1098
918,1097
918,1098
916,1099
916,1100
916,1101
915,9
915,203
915,12
915,1102
915,401
913,765
913,500
913,136
912,992
912,1103
908,969
911,9
911,1104
911,12
911,401
909,1029
909,698
909,1033
909,1105
906,1106
906,363
906,1107
907,1106
907,363
907,1107
910,203
910,13
901,583
901,363
901,983
902,583
902,363
899,203
899,13
898,203
898,13
903,9
903,203
903,12
903,401
900,1108
900,1109
896,293
896,1110
896,1111
897,293
897,1110
897,1111
895,1112
893,9
893,12
893,401
894,1113
894,1114
894,1115
891,1116
891,1117
891,1118
891,1119
891,1120
892,1116
892,1117
892,1118
892,1119
892,1120
889,282
889,1106
889,969
889,1121
889,1122
889,1019
889,1107
890,282
890,1106
890,1121
890,1122
890,1019
890,1107
888,9
888,12
887,763
887,587
884,9
884,203
884,1104
884,12
884,401
878,1123
879,1123
877,1066
875,1024
875,283
875,897
875,394
875,845
875,395
875,1039
875,501
875,847
875,1124
876,1024
876,283
876,897
876,394
876,845
876,395
876,1039
876,501
876,847
876,1124
871,1106
871,203
871,1019
871,1125
872,1106
872,1019
872,1125
870,1106
870,1019
870,1125
873,9
873,203
873,12
873,401
869,1092
869,970
869,938
868,1027
868,283
868,1018
868,288
867,1126
867,1127
867,1128
865,1126
865,1127
865,1128
866,1126
866,1127
866,1128
864,203
864,1104
864,13
855,1129
855,1130
855,1131
863,9
863,203
863,12
863,401
862,693
860,403
860,203
861,203
859,1126
859,1127
859,1128
856,111
856,1132
856,1133
856,885
856,116
856,915
856,235
856,886
853,912
853,283
853,394
853,605
853,395
853,885
853,1083
853,914
853,501
853,847
853,1134
853,522
854,912
854,283
854,394
854,605
854,395
854,885
854,1083
854,914
854,501
854,847
854,1134
854,522
846,9
846,203
846,12
846,401
850,1135
850,1027
850,969
851,1135
851,969
852,616
848,11
848,970
849,970
842,1025
842,1136
843,1047
843,857
843,1137
843,1138
843,1048
843,914
843,1049
843,1050
843,287
843,288
843,1095
844,1047
844,857
844,1137
844,1138
844,1048
844,914
844,1049
844,1050
844,287
844,288
844,1095
845,9
845,203
845,12
845,401
840,1139
840,1140
841,1139
841,1140
839,1141
839,1142
838,969
837,9
837,203
837,1104
837,12
835,976
833,992
833,1143
834,992
834,1143
832,1144
825,9
825,203
825,12
830,403
830,203
830,229
830,1104
830,983
830,13
830,1145
830,1146
831,403
831,203
831,229
831,1104
831,13
827,403
827,203
827,229
827,1104
827,1017
827,13
827,522
828,403
828,203
828,229
828,1104
828,13
823,403
823,203
823,229
823,983
823,1017
823,1145
823,1146
823,522
822,1147
818,9
818,1104
818,12
819,11
820,11
821,1146
815,1148
816,1148
817,9
817,12
817,401
814,970
813,9
813,12
813,401
812,1084
802,942
802,1069
802,1149
802,945
802,1150
811,383
811,767
811,1151
809,1147
809,767
809,1152
810,1147
810,767
810,1152
808,9
808,203
808,12
794,1153
794,767
794,802
799,1154
799,403
799,203
806,136
807,136
773,136
804,1117
804,1155
804,1156
804,1157
804,1158
804,1159
804,1160
805,1117
805,1155
805,1156
805,1157
805,1158
805,1159
805,1160
803,9
803,203
803,12
793,583
793,403
793,707
798,1161
800,969
801,969
772,969
797,9
797,203
797,1104
797,12
796,987
774,403
774,203
774,13
795,403
795,203
795,13
784,698
784,699
788,1162
788,900
788,1163
789,1162
789,900
789,1163
792,9
792,203
792,12
786,1097
787,1097
790,542
791,542
771,542
785,386
781,1164
781,1165
781,283
781,403
781,203
781,1016
781,13
781,1018
782,1164
782,1165
782,283
782,403
782,203
782,1016
782,13
782,1018
778,1166
778,230
778,765
778,1081
778,235
778,205
779,1166
779,203
779,765
779,1081
779,235
777,394
777,286
776,1040
776,1167
776,1168
776,1169
768,1072
768,1074
768,1075
768,1170
768,1171
768,1078
767,403
767,1088
767,1089
767,1172
767,737
767,1090
767,1173
767,1091
765,1027
765,283
765,1018
765,288
766,693
766,692
763,983
763,1145
763,898
763,1174
764,983
764,1145
764,898
764,1174
761,383
761,1003
762,1175
756,283
756,368
756,205
756,1176
759,283
759,368
759,205
759,1176
760,283
760,403
760,205
760,1176
758,1177
758,203
755,756
757,1178
757,1179
757,1180
757,1181
754,641
750,542
752,283
752,284
752,403
752,857
752,203
752,13
752,1018
748,283
748,284
748,403
748,857
748,203
748,13
748,1018
749,1182
749,1183
749,1184
749,1185
749,1186
749,1187
747,203
747,13
746,203
746,13
744,969
745,969
743,767
743,1152
741,1135
741,1117
742,1135
742,1117
736,394
736,1188
736,977
735,394
735,1188
735,977
739,1189
739,1175
739,203
739,1190
739,1083
740,1189
740,1175
740,203
740,1190
740,1083
737,394
737,403
737,203
737,13
738,394
738,403
738,203
738,13
729,394
729,403
729,203
729,13
734,386
733,1177
733,203
725,542
725,394
725,403
725,401
725,1191
732,1192
732,203
732,85
732,1193
732,401
731,897
731,395
731,1194
731,898
731,1134
731,522
731,1124
724,1195
722,1195
721,401
718,1196
718,1197
719,1196
719,1197
715,802
716,802
713,1198
713,900
714,1198
714,900
717,1033
717,1199
712,1146
711,802
708,1047
708,1200
708,857
708,1201
708,1138
708,1202
708,1203
708,914
708,1204
708,1049
708,1050
708,287
709,1047
709,1200
709,857
709,1201
709,1138
709,1202
709,1203
709,914
709,1204
709,1049
709,1050
709,287
710,1047
710,1205
710,363
710,802
707,1095
706,1206
706,1112
706,1207
704,1097
705,1097
703,1208
702,203
702,13
700,283
700,394
700,203
700,1193
700,13
700,457
701,283
701,394
701,203
701,1193
701,13
701,457
698,542
698,203
698,901
698,13
698,886
699,542
699,203
699,901
699,13
699,886
696,1097
697,1097
691,1047
691,1209
691,1210
691,1211
691,1212
691,802
690,942
690,1069
690,945
690,736
690,1070
689,1161
689,1213
687,1214
687,1215
688,1214
688,1215
685,283
685,231
685,286
685,898
685,1216
686,283
686,231
686,286
686,898
686,1216
682,1083
683,203
683,13
681,763
678,1047
678,1209
678,1097
678,1217
678,1186
678,1218
678,802
684,971
679,542
680,542
677,1219
676,1064
676,13
675,1019
671,1220
672,1220
674,542
674,901
674,886
673,542
673,901
673,886
643,542
643,901
643,886
670,203
670,13
666,363
666,1018
667,363
667,1018
642,203
642,457
668,1221
668,1222
669,1221
669,394
669,1222
641,1221
641,1222
665,1047
665,1223
665,1218
665,1224
665,802
663,813
663,819
664,813
664,394
664,819
662,813
662,394
662,819
640,698
661,698
660,1225
660,1047
660,542
660,969
660,1226
660,1227
660,1142
656,698
656,699
659,1047
659,1192
659,203
659,85
659,1193
659,401
639,542
639,901
658,542
658,901
657,542
657,901
652,1228
652,1229
652,1047
652,969
652,1226
652,1230
652,1186
652,1224
638,394
638,203
653,542
653,969
653,1231
653,1232
645,1060
645,1061
645,1233
645,1234
645,1235
655,1060
655,1061
655,1233
655,1234
655,1235
637,394
637,203
637,13
650,394
650,605
650,203
650,395
650,13
650,1194
650,1236
650,1237
651,394
651,605
651,203
651,395
651,13
651,1194
651,1236
651,1237
631,1238
631,1239
632,1240
632,1047
632,969
632,1187
636,971
636,1241
627,1242
627,1243
634,1242
634,1243
635,1242
635,1243
633,1244
633,1245
633,1246
633,1247
633,1248
629,1249
629,1250
629,1251
628,1228
628,1229
628,1047
628,542
628,1252
628,1253
628,1230
628,1224
630,1254
630,1255
630,1256
626,1242
626,1243
622,1047
622,203
622,1201
622,1257
625,394
625,845
625,395
625,1258
625,1236
625,501
625,1237
625,1259
625,1124
623,856
623,857
623,1138
623,1202
623,1203
623,1048
623,1049
623,1050
623,287
624,856
624,857
624,1138
624,1202
624,1203
624,1048
624,1049
624,1050
624,287
621,1260
621,1261
618,969
617,1019
620,1228
620,1229
620,1047
620,203
620,1257
620,1230
613,1262
613,283
613,1263
613,231
613,286
613,1264
613,898
613,1216
614,1262
614,283
614,1263
614,231
614,286
614,1264
614,898
614,1216
616,1047
616,203
616,522
615,1265
615,1266
615,1267
611,542
610,1047
610,13
612,1047
612,203
607,1268
607,1269
607,1270
608,1268
608,1269
608,1270
609,1047
609,203
609,1186
609,13
605,1185
605,1186
606,1185
606,1186
603,1060
603,1233
603,1235
604,1060
604,1233
604,1235
600,1047
600,203
601,1271
601,928
602,1271
602,928
599,1207
599,1272
596,1273
596,1274
598,1047
598,203
594,1193
594,13
595,1193
595,13
593,1275
593,1276
592,1277
590,845
590,1278
590,1279
590,1280
590,501
590,1237
590,1259
590,1134
587,1281
587,1097
588,1281
588,1097
585,1047
585,1192
585,10
585,1282
585,1104
585,85
585,11
585,1193
585,1283
585,401
586,1047
586,1192
586,10
586,1282
586,1104
586,85
586,11
586,1193
586,1283
586,401
584,1089
582,1193
582,1283
583,1193
583,1283
581,1047
581,13
580,383
580,1284
578,1285
578,843
578,844
578,1286
579,1285
579,843
579,844
579,1286
576,914
577,914
575,1033
573,542
574,542
571,856
571,857
571,476
571,1048
571,1049
571,1050
571,287
572,856
572,857
572,476
572,1048
572,1049
572,1050
572,287
570,1275
568,368
568,1176
569,368
569,1176
567,203
567,401
566,1287
566,764
566,203
566,229
566,395
566,457
562,1287
562,764
562,203
562,229
562,395
562,457
559,1288
559,1289
560,1288
560,1289
558,1290
557,13
555,282
555,1291
556,282
556,1291
553,969
554,969
552,1219
551,1257
551,1292
549,1293
549,1294
549,1295
549,1296
549,1297
549,1298
549,1299
549,1190
549,1300
549,1301
549,1302
549,1303
550,1304
550,1305
547,1097
548,1097
546,901
545,1306
543,1283
544,1283
542,764
542,203
542,229
542,395
542,1222
542,1056
540,1186
538,283
537,1307
537,203
537,395
532,1287
532,542
532,203
532,229
532,395
533,1287
533,542
533,203
533,229
533,395
536,1097
535,1097
534,203
534,10
534,1193
526,1308
526,1309
530,698
530,699
531,698
531,699
525,13
529,203
529,229
529,395
529,1310
524,764
524,203
524,229
524,395
524,1310
528,395
527,395
523,1287
523,764
523,203
523,229
523,395
522,764
522,203
522,229
522,395
521,1106
521,283
521,1048
521,1311
521,1312
521,1313
521,288
520,1106
520,283
520,1048
520,1311
520,1312
520,1313
520,288
519,1304
519,1314
518,13
516,844
515,844
514,1315
513,1316
513,1317
513,1318
513,1319
513,1320
512,1321
510,1321
509,1106
509,857
509,1311
509,1049
508,13
507,1290
506,1322
506,1323
506,1324
505,1322
505,1323
505,1324
504,1312
501,1312
500,1325
500,1326
498,1192
498,1193
498,1283
499,1192
499,1193
499,1283
497,283
496,283
494,1327
494,1281
494,128
495,1327
495,1281
495,128
493,1188
492,1219
490,1328
490,1192
490,203
490,13
490,1329
487,1330
487,1331
488,1330
488,1331
491,203
491,395
489,203
486,884
484,592
485,592
482,1332
482,1193
482,1283
483,1332
483,1193
483,1283
480,1294
480,1333
480,1328
480,1192
480,1334
480,1193
480,1283
479,1294
479,1333
479,1328
479,1192
479,1334
479,1193
479,1283
478,118
477,843
477,844
476,843
476,844
474,1335
475,1336
475,1337
475,1338
472,1321
471,1339
468,689
469,689
467,1207
467,641
470,698
466,1340
466,1341
464,283
465,283
463,1342
463,1343
463,1344
461,1345
461,1323
461,1346
462,1345
462,1323
462,1346
460,1347
460,1348
459,1349
459,1350
459,1281
459,1351
457,1062
457,1126
457,1128
458,1062
458,1126
458,1128
455,1139
455,641
455,1352
456,1139
456,641
456,1352
453,1353
453,1354
453,1355
454,1353
454,1354
454,1355
452,1221
452,1062
452,1126
452,1128
451,1356
451,1357
449,1358
449,1359
450,1358
450,1359
448,592
446,1360
446,1361
446,1362
446,1363
447,1360
447,1361
447,1362
447,1363
444,1364
444,1365
444,1366
445,1364
445,1365
445,1366
442,886
443,886
436,1367
436,1368
436,1369
441,1193
441,1283
439,203
439,1357
440,1370
440,203
438,1367
438,1368
438,1369
437,1367
437,1368
437,1369
435,1371
435,1328
435,203
434,1371
434,1328
434,1372
434,1373
433,1372
433,1374
433,1373
431,1371
431,1328
431,203
432,1372
432,1374
432,1373
429,1375
430,1340
430,1341
425,1376
426,1377
426,1376
424,1378
424,118
419,1328
419,1295
420,1328
420,1295
421,1328
421,1295
413,1333
413,1371
413,1328
413,1295
412,1371
412,1328
412,1295
418,111
417,111
411,1371
411,1328
411,1295
411,1192
416,203
416,1334
414,1327
414,128
415,1327
415,128
409,698
409,1379
409,699
407,116
408,116
406,1380
406,819
405,1380
405,819
404,1371
404,1295
403,1283
402,1283
401,1381
401,1382
400,1383
398,1325
398,1326
398,1384
399,1325
399,1326
399,1384
396,857
396,1049
397,857
397,1049
394,368
394,1176
392,1385
393,1385
391,1318
391,1319
390,1383
388,1321
389,1321
387,1283
385,1240
385,1386
385,1201
383,1375
383,1387
384,1375
384,1387
382,1371
382,1328
386,203
386,1334
380,1376
381,1376
379,1371
379,1329
377,1185
377,1186
378,1185
378,1186
375,1388
375,1389
375,1390
376,1388
376,1389
376,1390
374,1383
372,1391
372,1392
373,1391
373,1392
371,1333
371,1328
371,203
371,1393
371,1334
370,1371
370,203
370,1334
369,1192
369,1283
367,1376
368,1376
366,1383
364,403
364,1289
365,403
365,1289
362,1394
362,1395
362,1396
362,1397
363,203
363,1334
360,1398
361,1398
359,1283
358,1383
356,1333
356,1371
356,1328
356,1295
356,1192
356,1334
357,1333
357,1371
357,1328
357,1295
357,1192
357,1334
354,813
355,813
353,1295
351,1376
352,1376
350,1399
350,1283
348,1400
348,1401
348,1402
348,1403
348,1404
348,1405
349,1400
349,1401
349,1402
349,1403
349,1404
349,1405
346,1406
346,1353
346,1407
347,1406
347,1353
347,1407
343,817
343,819
344,817
344,819
345,698
342,1371
342,1328
341,1375
341,1408
340,1375
340,1408
339,1333
339,1371
338,1319
337,1319
336,1283
326,1062
326,1409
326,1410
326,1411
326,1128
335,1062
335,1409
335,1410
335,1411
335,1128
333,1288
334,1288
332,1397
329,1409
329,240
329,190
330,1409
330,240
330,190
331,1412
324,1412
324,1334
324,766
325,1062
325,1126
325,1409
325,1410
325,1128
328,203
327,1375
327,1408
321,1321
322,1321
323,1333
323,1371
319,1413
319,1414
319,1336
319,1415
320,1413
320,1414
320,1336
320,1415
317,1416
317,1417
317,1418
318,1416
318,1417
318,1418
316,1334
316,1419
316,766
314,1376
315,1376
313,1420
313,1421
311,486
311,1422
311,1385
312,486
312,1422
312,1385
305,1399
305,1283
309,1317
309,1423
309,1424
308,1317
308,1424
303,1406
303,1353
303,1309
303,1354
304,1406
304,1353
304,1309
304,1354
306,203
306,1310
301,1376
302,1376
300,1399
300,1283
293,1317
293,1424
299,1317
299,1424
297,1425
297,429
298,1425
298,429
292,1371
292,1328
292,203
291,203
295,1376
295,1317
295,1424
296,1376
296,1317
296,1424
294,1426
288,1427
289,1427
290,1371
290,698
286,403
286,1289
287,403
287,1289
285,1333
285,1371
285,1328
285,1428
283,1429
283,1243
284,1429
284,1243
282,1430
282,1431
282,1336
280,1406
280,1353
280,1432
280,1309
281,1406
281,1353
281,1432
281,1309
279,1371
279,1328
279,1295
279,1393
277,1428
278,1428
276,1433
274,1336
274,1434
275,1336
275,1434
273,1376
272,1376
271,1371
271,1328
271,1393
271,1428
269,1380
269,819
270,1380
270,819
268,1319
266,1371
266,1328
266,1295
266,1428
264,1391
264,1323
264,1435
264,1346
265,1391
265,1323
265,1435
265,1346
263,1371
263,1328
263,1393
261,1376
262,1376
267,203
257,1333
257,1328
257,1393
260,1333
260,1328
260,1393
258,1427
259,1427
256,1376
255,1376
254,1334
253,1334
251,1436
252,1436
250,203
250,1437
247,203
247,1437
249,1438
249,1439
249,1440
249,118
248,1438
248,1439
248,1440
248,118
246,1371
246,1328
245,1371
245,203
243,1371
243,1437
244,1371
244,1437
242,1371
242,1295
242,1393
238,1336
239,1336
241,1441
241,1442
241,1443
237,1371
237,1295
237,1393
235,1353
235,1432
236,1353
236,1432
240,1047
240,1333
240,1371
240,1334
240,1444
240,1445
234,1333
234,1371
234,1393
234,1334
234,1444
234,1445
232,403
232,1446
232,1447
232,1289
233,403
233,1446
233,1447
233,1289
231,1328
231,1295
231,1393
229,817
229,819
230,817
230,819
228,1333
228,1328
228,1295
226,1448
227,1448
225,1371
225,1437
223,1449
224,1328
224,1449
224,1295
224,1393
222,1450
222,116
222,1451
220,1427
221,1449
221,1427
219,1371
219,203
217,1150
218,1150
216,1371
216,1437
215,1047
215,1393
213,1376
214,1376
208,1371
208,1328
208,1393
212,1371
212,1241
212,203
212,1334
211,1371
211,1241
211,203
211,1334
204,1427
205,1427
207,1419
207,136
206,1419
206,136
203,1371
203,1328
203,1295
203,1393
201,1452
201,136
202,1452
202,136
200,1371
200,1328
200,1295
200,1393
198,1412
198,1371
198,1437
199,1412
199,1437
196,1453
196,1454
196,1185
196,1186
197,1453
197,1454
197,1185
197,1186
195,1333
195,1371
195,1328
195,1295
193,1289
194,1289
191,1455
191,1018
192,1455
192,1018
188,698
190,857
190,1049
187,1456
187,1457
189,1456
189,1457
185,111
186,111
178,1371
178,1334
178,1419
178,1458
178,1445
183,1409
182,1333
182,1371
182,1328
182,1393
180,1047
180,203
180,1334
180,1310
177,1047
177,1371
177,1334
177,1458
176,1437
176,1336
181,1437
181,1336
175,737
175,1459
175,1195
164,923
164,1371
164,1241
164,1334
174,923
174,1371
174,203
174,1334
173,1437
173,1336
173,1434
172,203
172,1428
171,698
171,1070
170,203
170,698
167,1460
167,1287
167,229
168,1460
168,1287
168,229
163,923
163,203
169,923
169,1371
169,203
169,1334
166,1328
166,1393
166,1428
162,698
165,1328
165,1393
165,1428
161,923
161,1051
161,1371
161,1461
161,1462
159,203
160,1328
160,203
160,1393
160,1428
158,1051
158,203
156,1288
157,1288
154,283
155,283
153,698
152,1371
152,1393
152,1444
150,394
150,1463
151,394
151,1463
149,1371
149,1393
149,1444
148,203
148,698
145,1427
146,1427
144,1371
144,1393
144,1444
142,1464
143,1464
141,1371
141,1393
141,1444
140,1310
147,203
147,1393
147,1428
138,283
139,283
137,1047
137,203
135,1436
136,1436
132,203
132,698
133,203
133,698
134,203
131,203
130,698
128,1288
129,1288
126,1437
127,1437
123,766
124,766
125,203
125,1393
121,1427
122,1427
120,1047
120,1333
120,1371
120,1328
120,203
120,1393
120,1334
120,1444
120,1428
119,1465
119,1397
119,1399
118,1466
117,1371
115,1409
116,1409
113,1465
113,1393
113,1467
114,1465
114,1393
114,1467
111,1317
111,1424
112,1317
112,1424
109,1427
110,1427
107,1468
107,1469
108,1468
108,1469
106,1437
105,1437
103,1412
104,1412
101,1288
102,1288
100,1430
100,203
100,1470
100,1471
100,1472
98,1464
99,1464
97,1473
97,1437
97,1474
97,1475
97,1476
97,1477
95,1427
96,1427
93,203
93,1186
94,203
94,1186
91,1478
92,1478
89,1437
90,1437
87,229
87,395
88,229
88,395
86,1416
86,1418
85,1473
85,1474
85,233
85,1477
83,1479
83,1328
83,1393
84,1479
84,1328
84,1393
82,203
82,1393
82,1428
81,203
79,189
79,1435
78,1480
78,1437
77,1412
77,1449
77,1481
80,1412
80,1449
80,1481
74,1437
75,1482
76,1436
76,1483
73,737
73,1459
71,1437
70,1478
69,1311
72,1430
72,1484
72,1431
72,203
72,1485
72,1337
72,1486
68,1483
68,1070
67,1487
67,1488
67,1489
67,1490
67,1491
66,1317
66,1424
65,1310
63,1437
62,1412
62,1449
61,1430
61,1484
61,1431
64,203
64,1428
60,111
59,203
58,1428
57,1492
56,203
56,1428
56,1493
55,1416
55,1417
55,1418
54,1493
53,1333
53,203
53,1393
53,1428
52,203
52,1428
51,203
50,1494
49,1428
48,1334
48,1310
47,1428
46,1334
46,1310
43,1428
42,1127
42,1418
45,1333
45,203
45,1428
41,203
44,203
44,1334
44,1444
44,1310
40,1317
40,1424
38,1393
37,1195
39,1310
36,1047
36,1333
36,1371
36,1328
36,1295
36,1393
36,1334
36,1444
36,1428
36,1310
35,1047
35,1333
35,1371
35,1328
35,1295
35,1393
35,1334
35,1444
35,1428
35,1310
34,1428
34,1493
33,1047
33,1328
33,1295
32,203
32,1334
32,1428
32,1493
31,203
31,1334
31,1428
31,1493
30,1393
30,1428
30,1493
29,1428
28,1333
28,1371
28,1444
27,203
27,1428
26,1495
26,1428
25,203
25,1428
24,1495
24,1428
23,1496
22,1428
21,203
19,1393
19,1428
20,203
20,1497
18,1047
18,203
18,1428
17,1498
16,1047
16,1428
15,1483
14,1047
14,1295
14,203
14,1334
13,1436
12,1295
12,1334
11,203
11,1150
10,1334
9,1412
8,1333
8,1371
8,1444
7,203
7,1428
7,1493
6,203
6,1334
5,454
5,203
4,1295
4,203
3,203
2,203
1,203
